,Jobs,Application Links,Post Date
0,2021 University Graduate- Software Engineer,"https://adobe.wd5.myworkdayjobs.com/external_university/3/refreshFacet/318c8bb6f553100021
d223d9780d30be",R100606   |   San Jose   |   Posted Today
1,"Design Research and Strategy Intern, Experience Cloud","https://adobe.wd5.myworkdayjobs.com/external_university/3/refreshFacet/318c8bb6f553100021
d223d9780d30be","R102208   |   Seattle, More...   |   Posted Today"
2,2021 Intern- Search Machine Learning Engineer,"https://adobe.wd5.myworkdayjobs.com/external_university/3/refreshFacet/318c8bb6f553100021
d223d9780d30be",R101040   |   Remote Texas   |   Posted Today
3,2021 Intern - Business Analyst ?€? Digital Workplace Experience?€?,"https://adobe.wd5.myworkdayjobs.com/external_university/3/refreshFacet/318c8bb6f553100021
d223d9780d30be",R104064   |   Remote California   |   Posted Today
4,2021 Intern - Brand Communications,"https://adobe.wd5.myworkdayjobs.com/external_university/3/refreshFacet/318c8bb6f553100021
d223d9780d30be",R104090   |   San Francisco   |   Posted Today
5,2021 Intern - Data Science Intern,"https://adobe.wd5.myworkdayjobs.com/external_university/3/refreshFacet/318c8bb6f553100021
d223d9780d30be",R101756   |   San Jose   |   Posted Today
6,Research Intern,"https://adobe.wd5.myworkdayjobs.com/external_university/3/refreshFacet/318c8bb6f553100021
d223d9780d30be",R101544   |   San Jose   |   Posted Today
7,Product Manager MBA Intern,"https://adobe.wd5.myworkdayjobs.com/external_university/3/refreshFacet/318c8bb6f553100021
d223d9780d30be","R104030   |   Remote Washington, More...   |   Posted Today"
8,Document Intelligence Research Intern,"https://adobe.wd5.myworkdayjobs.com/external_university/3/refreshFacet/318c8bb6f553100021
d223d9780d30be",R102320   |   Remote Maryland   |   Posted Today
9,"2021 Graduate - Renewals Sales Specialist, Digital Experience","https://adobe.wd5.myworkdayjobs.com/external_university/3/refreshFacet/318c8bb6f553100021
d223d9780d30be",R101812   |   London   |   Posted Today
10,Research Intern,"https://adobe.wd5.myworkdayjobs.com/external_university/3/refreshFacet/318c8bb6f553100021
d223d9780d30be",R102483   |   Remote Illinois   |   Posted Today
11,2021 Intern- Research,"https://adobe.wd5.myworkdayjobs.com/external_university/3/refreshFacet/318c8bb6f553100021
d223d9780d30be",R101031   |   Remote Indiana   |   Posted Today
12,Research Intern,"https://adobe.wd5.myworkdayjobs.com/external_university/3/refreshFacet/318c8bb6f553100021
d223d9780d30be",R101545   |   San Jose   |   Posted Today
13,2021 University Graduate - Government Relations Specialist,"https://adobe.wd5.myworkdayjobs.com/external_university/3/refreshFacet/318c8bb6f553100021
d223d9780d30be","R102912   |   Washington D.C., More...   |   Posted Today"
14,Research Intern,"https://adobe.wd5.myworkdayjobs.com/external_university/3/refreshFacet/318c8bb6f553100021
d223d9780d30be",R102486   |   Remote Illinois   |   Posted Today
15,"Product Manager, Experience Optimization MBA Intern","https://adobe.wd5.myworkdayjobs.com/external_university/3/refreshFacet/318c8bb6f553100021
d223d9780d30be",R102054   |   San Francisco   |   Posted Yesterday
16,"Senior Product Manager ?€? Creative Cloud, Sharing & Stakeholder Engagement - MBA Graduate, 2020-2021","https://adobe.wd5.myworkdayjobs.com/external_university/3/refreshFacet/318c8bb6f553100021
d223d9780d30be","R102530   |   San Francisco, More...   |   Posted Yesterday"
17,2021 Intern - Observability Engineer Intern - Cloud Technology Organization,"https://adobe.wd5.myworkdayjobs.com/external_university/3/refreshFacet/318c8bb6f553100021
d223d9780d30be",R102178   |   Remote California   |   Posted Yesterday
18,2021 Intern - Solutions Consulting Analyst Intern,"https://adobe.wd5.myworkdayjobs.com/external_university/3/refreshFacet/318c8bb6f553100021
d223d9780d30be",R101625   |   San Francisco   |   Posted Yesterday
19,Product Manager MBA Intern - Summer 2021,"https://adobe.wd5.myworkdayjobs.com/external_university/3/refreshFacet/318c8bb6f553100021
d223d9780d30be",R103677   |   Remote California   |   Posted Yesterday
20,2021 University Graduate: Business Strategy Analyst,"https://adobe.wd5.myworkdayjobs.com/external_university/3/refreshFacet/318c8bb6f553100021
d223d9780d30be",R102599   |   San Francisco   |   Posted Yesterday
21,"Adobe Photoshop Product Management, Innovation and Market Exploration MBA Intern","https://adobe.wd5.myworkdayjobs.com/external_university/3/refreshFacet/318c8bb6f553100021
d223d9780d30be",R100571   |   Remote New York   |   Posted Yesterday
22,Program Manager MBA Intern,"https://adobe.wd5.myworkdayjobs.com/external_university/3/refreshFacet/318c8bb6f553100021
d223d9780d30be",R100527   |   Remote New York   |   Posted Yesterday
23,2021 University Graduate - Associate Legal Counsel,"https://adobe.wd5.myworkdayjobs.com/external_university/3/refreshFacet/318c8bb6f553100021
d223d9780d30be",R102696   |   San Jose   |   Posted 2 Days Ago
24,Campaign Marketing Manager,"https://adobe.wd5.myworkdayjobs.com/external_university/3/refreshFacet/318c8bb6f553100021
d223d9780d30be",R100415   |   San Francisco   |   Posted 2 Days Ago
25,2021 University Graduate - (MBA) Go to Market Strategy Associate,"https://adobe.wd5.myworkdayjobs.com/external_university/3/refreshFacet/318c8bb6f553100021
d223d9780d30be","R101469   |   San Francisco, More...   |   Posted 2 Days Ago"
26,2021 Intern - Digital Strategy Group,"https://adobe.wd5.myworkdayjobs.com/external_university/3/refreshFacet/318c8bb6f553100021
d223d9780d30be","R101515   |   London, More...   |   Posted 2 Days Ago"
27,"2021 University Graduate - Computer Scientist, Education","https://adobe.wd5.myworkdayjobs.com/external_university/3/refreshFacet/318c8bb6f553100021
d223d9780d30be",R100223   |   San Jose   |   Posted 3 Days Ago
28,"2021 University Graduate - Sales Operations, Analyst","https://adobe.wd5.myworkdayjobs.com/external_university/3/refreshFacet/318c8bb6f553100021
d223d9780d30be",R102027   |   Paris   |   Posted 2 Days Ago
29,2021 Intern- IT Architecture Intern,"https://adobe.wd5.myworkdayjobs.com/external_university/3/refreshFacet/318c8bb6f553100021
d223d9780d30be",R103898   |   Remote California   |   Posted 3 Days Ago
30,2021 Intern - Adobe.com for Document Cloud,"https://adobe.wd5.myworkdayjobs.com/external_university/3/refreshFacet/318c8bb6f553100021
d223d9780d30be",R103835   |   San Jose   |   Posted 3 Days Ago
31,2021 University Graduate - Renewal Sales Specialist,"https://adobe.wd5.myworkdayjobs.com/external_university/3/refreshFacet/318c8bb6f553100021
d223d9780d30be",R101463   |   Paris   |   Posted 6 Days Ago
32,2021 Intern - Ethos Cloud Engineer Software Intern,"https://adobe.wd5.myworkdayjobs.com/external_university/3/refreshFacet/318c8bb6f553100021
d223d9780d30be",R102167   |   Bucharest   |   Posted 7 Days Ago
33,Americas Business Strategy Manager - MBA Intern,"https://adobe.wd5.myworkdayjobs.com/external_university/3/refreshFacet/318c8bb6f553100021
d223d9780d30be",R100364   |   San Jose   |   Posted 8 Days Ago
34,DVA Partner Operations Manager MBA Intern,"https://adobe.wd5.myworkdayjobs.com/external_university/3/refreshFacet/318c8bb6f553100021
d223d9780d30be",R102188   |   San Jose   |   Posted 8 Days Ago
35,2021 Intern - Renewals Specialist,"https://adobe.wd5.myworkdayjobs.com/external_university/3/refreshFacet/318c8bb6f553100021
d223d9780d30be",R102747   |   London   |   Posted 8 Days Ago
36,Full-stack Developer,"https://adobe.wd5.myworkdayjobs.com/external_university/3/refreshFacet/318c8bb6f553100021
d223d9780d30be",R103719   |   New York   |   Posted 9 Days Ago
37,2021 Intern - Machine Learning and Computer Vision,"https://adobe.wd5.myworkdayjobs.com/external_university/3/refreshFacet/318c8bb6f553100021
d223d9780d30be",R101448   |   Remote California   |   Posted 9 Days Ago
38,2021 Intern- BI Program Management,"https://adobe.wd5.myworkdayjobs.com/external_university/3/refreshFacet/318c8bb6f553100021
d223d9780d30be",R102191   |   Lehi   |   Posted 9 Days Ago
39,2021 Intern- Data Analyst & Governance Intern,"https://adobe.wd5.myworkdayjobs.com/external_university/3/refreshFacet/318c8bb6f553100021
d223d9780d30be",R102891   |   Remote Utah   |   Posted 9 Days Ago
40,2021 University Graduate - Digital Strategy Associate (MBA),"https://adobe.wd5.myworkdayjobs.com/external_university/3/refreshFacet/318c8bb6f553100021
d223d9780d30be","R100723   |   New York, More...   |   Posted 9 Days Ago"
41,2021 Intern - Research Summer Intern,"https://adobe.wd5.myworkdayjobs.com/external_university/3/refreshFacet/318c8bb6f553100021
d223d9780d30be",R101023   |   San Jose   |   Posted 9 Days Ago
42,2021 Intern ?€? Java Software Development,"https://adobe.wd5.myworkdayjobs.com/external_university/3/refreshFacet/318c8bb6f553100021
d223d9780d30be",R102241   |   Bucharest   |   Posted 9 Days Ago
43,Product Manager MBA Intern,"https://adobe.wd5.myworkdayjobs.com/external_university/3/refreshFacet/318c8bb6f553100021
d223d9780d30be","R101912   |   Remote Massachusetts, More...   |   Posted 10 Days Ago"
44,IT PMO Program Management MBA Intern,"https://adobe.wd5.myworkdayjobs.com/external_university/3/refreshFacet/318c8bb6f553100021
d223d9780d30be",R101410   |   Remote Washington   |   Posted 10 Days Ago
45,IT PMO Program Management MBA Intern,"https://adobe.wd5.myworkdayjobs.com/external_university/3/refreshFacet/318c8bb6f553100021
d223d9780d30be",R101409   |   San Jose   |   Posted 10 Days Ago
46,2021 Intern - Strategic Growth & Analytics,"https://adobe.wd5.myworkdayjobs.com/external_university/3/refreshFacet/318c8bb6f553100021
d223d9780d30be",R101913   |   Remote California   |   Posted 10 Days Ago
47,"2021 Intern- Program Manager, Marketing and Web Platform","https://adobe.wd5.myworkdayjobs.com/external_university/3/refreshFacet/318c8bb6f553100021
d223d9780d30be",R101718   |   Remote California   |   Posted 10 Days Ago
48,Research Intern,"https://adobe.wd5.myworkdayjobs.com/external_university/3/refreshFacet/318c8bb6f553100021
d223d9780d30be",R103084   |   Seattle   |   Posted 10 Days Ago
49,2021 Intern -  Financial Analyst MBA,"https://adobe.wd5.myworkdayjobs.com/external_university/3/refreshFacet/318c8bb6f553100021
d223d9780d30be",R101373   |   Remote Utah   |   Posted 10 Days Ago
50,2021 Intern - Accounting,"https://adobe.wd5.myworkdayjobs.com/external_university/3/refreshFacet/318c8bb6f553100021
d223d9780d30be","R101705   |   Dublin, More...   |   Posted 10 Days Ago"
51,2021 Intern - Machine Learning Intern,"https://adobe.wd5.myworkdayjobs.com/external_university/3/refreshFacet/318c8bb6f553100021
d223d9780d30be",R101727   |   Remote California   |   Posted 13 Days Ago
52,2021 Intern- Applied Machine Learning,"https://adobe.wd5.myworkdayjobs.com/external_university/3/refreshFacet/318c8bb6f553100021
d223d9780d30be",R100907   |   Remote California   |   Posted 13 Days Ago
53,2021 Intern- DWx Program Manager Intern,"https://adobe.wd5.myworkdayjobs.com/external_university/3/refreshFacet/318c8bb6f553100021
d223d9780d30be",R102375   |   Remote California   |   Posted 13 Days Ago
54,2021 Intern - Security Engineer,"https://adobe.wd5.myworkdayjobs.com/external_university/3/refreshFacet/318c8bb6f553100021
d223d9780d30be","R101717   |   Remote California, More...   |   Posted 13 Days Ago"
55,"Product Management, Adobe After Effects, MBA Intern","https://adobe.wd5.myworkdayjobs.com/external_university/3/refreshFacet/318c8bb6f553100021
d223d9780d30be",R102337   |   Seattle   |   Posted 14 Days Ago
56,Software Engineer intern,"https://adobe.wd5.myworkdayjobs.com/external_university/3/refreshFacet/318c8bb6f553100021
d223d9780d30be",R102660   |   Austin   |   Posted 14 Days Ago
57,2021 Summer Intern - Software Developer,"https://adobe.wd5.myworkdayjobs.com/external_university/3/refreshFacet/318c8bb6f553100021
d223d9780d30be",R102564   |   Austin   |   Posted 14 Days Ago
58,Software Engineer Intern,"https://adobe.wd5.myworkdayjobs.com/external_university/3/refreshFacet/318c8bb6f553100021
d223d9780d30be",R102658   |   Austin   |   Posted 14 Days Ago
59,Summer Intern,"https://adobe.wd5.myworkdayjobs.com/external_university/3/refreshFacet/318c8bb6f553100021
d223d9780d30be",R102659   |   Austin   |   Posted 14 Days Ago
60,"2021 University Graduate - Software Development, Adobe Sign Enterprise","https://adobe.wd5.myworkdayjobs.com/external_university/3/refreshFacet/318c8bb6f553100021
d223d9780d30be","R100958   |   Boston, More...   |   Posted 14 Days Ago"
61,Core Services Team Security Services Intern,"https://adobe.wd5.myworkdayjobs.com/external_university/3/refreshFacet/318c8bb6f553100021
d223d9780d30be",R102849   |   Lehi   |   Posted 14 Days Ago
62,"Product Manager, Customer Data Platform, MBA Intern","https://adobe.wd5.myworkdayjobs.com/external_university/3/refreshFacet/318c8bb6f553100021
d223d9780d30be",R102128   |   San Jose   |   Posted 14 Days Ago
63,"Product Marketing Manager, Customer Engagement- MBA Intern","https://adobe.wd5.myworkdayjobs.com/external_university/3/refreshFacet/318c8bb6f553100021
d223d9780d30be",R101435   |   Remote Illinois   |   Posted 14 Days Ago
64,2021 University Graduate -  Software Engineer in Machine Learning,"https://adobe.wd5.myworkdayjobs.com/external_university/3/refreshFacet/318c8bb6f553100021
d223d9780d30be","R102044   |   San Jose, More...   |   Posted 14 Days Ago"
65,2021 Intern: Software Engineer in Machine Learning,"https://adobe.wd5.myworkdayjobs.com/external_university/3/refreshFacet/318c8bb6f553100021
d223d9780d30be","R102046   |   San Jose, More...   |   Posted 14 Days Ago"
66,Data Engineer,"https://adobe.wd5.myworkdayjobs.com/external_university/3/refreshFacet/318c8bb6f553100021
d223d9780d30be","R102382   |   San Jose, More...   |   Posted 15 Days Ago"
67,"NLP/Knowledge Technologies/Dialogue Systems, Research Scientist","https://adobe.wd5.myworkdayjobs.com/external_university/3/refreshFacet/318c8bb6f553100021
d223d9780d30be",R100744   |   San Jose   |   Posted 15 Days Ago
68,2021 Intern- Applied Scientist,"https://adobe.wd5.myworkdayjobs.com/external_university/3/refreshFacet/318c8bb6f553100021
d223d9780d30be",R100897   |   Remote Florida   |   Posted 15 Days Ago
69,2021 Intern - Software Developer,"https://adobe.wd5.myworkdayjobs.com/external_university/3/refreshFacet/318c8bb6f553100021
d223d9780d30be",R101724   |   San Jose   |   Posted 15 Days Ago
70,"2021 Intern - Software Engineering Intern, Sensei Agents","https://adobe.wd5.myworkdayjobs.com/external_university/3/refreshFacet/318c8bb6f553100021
d223d9780d30be",R101671   |   Remote California   |   Posted 15 Days Ago
71,2021 intern - Go to Market Strategy Associate MBA Intern,"https://adobe.wd5.myworkdayjobs.com/external_university/3/refreshFacet/318c8bb6f553100021
d223d9780d30be",R102381   |   Remote California   |   Posted 15 Days Ago
72,CC Web Marketing Intern,"https://adobe.wd5.myworkdayjobs.com/external_university/3/refreshFacet/318c8bb6f553100021
d223d9780d30be","R102953   |   San Francisco, More...   |   Posted 15 Days Ago"
73,Security Engineer - Intern,"https://adobe.wd5.myworkdayjobs.com/external_university/3/refreshFacet/318c8bb6f553100021
d223d9780d30be",R102137   |   Lehi   |   Posted 15 Days Ago
74,"University Graduate Program - Software Engineer, Adobe Commerce","https://adobe.wd5.myworkdayjobs.com/external_university/3/refreshFacet/318c8bb6f553100021
d223d9780d30be",R100650   |   Austin   |   Posted 15 Days Ago
75,Sr Data Engineer MBA Full Time,"https://adobe.wd5.myworkdayjobs.com/external_university/3/refreshFacet/318c8bb6f553100021
d223d9780d30be",R101859   |   San Jose   |   Posted 15 Days Ago
76,Summer 2021 Intern - Software Development Engineer Intern,"https://adobe.wd5.myworkdayjobs.com/external_university/3/refreshFacet/318c8bb6f553100021
d223d9780d30be",R100812   |   Seattle   |   Posted 16 Days Ago
77,Data Science Intern,"https://adobe.wd5.myworkdayjobs.com/external_university/3/refreshFacet/318c8bb6f553100021
d223d9780d30be",R100484   |   Remote California   |   Posted 16 Days Ago
78,2021 Intern - PhD University Intern,"https://adobe.wd5.myworkdayjobs.com/external_university/3/refreshFacet/318c8bb6f553100021
d223d9780d30be","R102386   |   Seattle, More...   |   Posted 16 Days Ago"
79,2021 Intern - Business Programs Manager,"https://adobe.wd5.myworkdayjobs.com/external_university/3/refreshFacet/318c8bb6f553100021
d223d9780d30be",R101753   |   Dublin   |   Posted 16 Days Ago
80,2021 University Graduate ?€?Software Engineer,"https://adobe.wd5.myworkdayjobs.com/external_university/3/refreshFacet/318c8bb6f553100021
d223d9780d30be",R101561   |   San Jose   |   Posted 17 Days Ago
81,Product Marketing MBA Intern,"https://adobe.wd5.myworkdayjobs.com/external_university/3/refreshFacet/318c8bb6f553100021
d223d9780d30be","R101918   |   San Jose, More...   |   Posted 17 Days Ago"
82,2021 Intern - Research Intern in 3D Computer Graphics or 3D Computer Vision,"https://adobe.wd5.myworkdayjobs.com/external_university/3/refreshFacet/318c8bb6f553100021
d223d9780d30be",R101816   |   San Francisco   |   Posted 17 Days Ago
83,2021 Intern - International Sales Operations Analyst,"https://adobe.wd5.myworkdayjobs.com/external_university/3/refreshFacet/318c8bb6f553100021
d223d9780d30be","R102030   |   London, More...   |   Posted 17 Days Ago"
84,2021 Intern - Adobe XD Romania,"https://adobe.wd5.myworkdayjobs.com/external_university/3/refreshFacet/318c8bb6f553100021
d223d9780d30be",R102450   |   Bucharest   |   Posted 17 Days Ago
85,"Product Marketing Manager, Education - MBA Intern","https://adobe.wd5.myworkdayjobs.com/external_university/3/refreshFacet/318c8bb6f553100021
d223d9780d30be",R101157   |   San Francisco   |   Posted 20 Days Ago
86,2021 Summer Intern - Software Engineer - Personalization,"https://adobe.wd5.myworkdayjobs.com/external_university/3/refreshFacet/318c8bb6f553100021
d223d9780d30be",R101559   |   Remote Canada   |   Posted 20 Days Ago
87,2021 Intern - Creative Cloud Engagement Intern,"https://adobe.wd5.myworkdayjobs.com/external_university/3/refreshFacet/318c8bb6f553100021
d223d9780d30be",R100730   |   San Francisco   |   Posted 20 Days Ago
88,Software Engineer,"https://adobe.wd5.myworkdayjobs.com/external_university/3/refreshFacet/318c8bb6f553100021
d223d9780d30be",R100796   |   San Jose   |   Posted 20 Days Ago
89,Software Engineering Intern,"https://adobe.wd5.myworkdayjobs.com/external_university/3/refreshFacet/318c8bb6f553100021
d223d9780d30be","R101400   |   Seattle, More...   |   Posted 20 Days Ago"
90,"2021 Intern - Software Engineer, Adobe Digital Composite Technology (DCX)","https://adobe.wd5.myworkdayjobs.com/external_university/3/refreshFacet/318c8bb6f553100021
d223d9780d30be",R100819   |   Remote New Jersey   |   Posted 20 Days Ago
91,"Product Management Intern: Learn, Creative Cloud","https://adobe.wd5.myworkdayjobs.com/external_university/3/refreshFacet/318c8bb6f553100021
d223d9780d30be",R102440   |   San Francisco   |   Posted 20 Days Ago
92,2021 University Graduate - Software Development Engineer,"https://adobe.wd5.myworkdayjobs.com/external_university/3/refreshFacet/318c8bb6f553100021
d223d9780d30be",R102745   |   Hamburg   |   Posted 20 Days Ago
93,2021 University Graduate - Cloud Software Engineer,"https://adobe.wd5.myworkdayjobs.com/external_university/3/refreshFacet/318c8bb6f553100021
d223d9780d30be",R102646   |   Hamburg   |   Posted 20 Days Ago
94,EDG Simulation Intern - Engineering,"https://adobe.wd5.myworkdayjobs.com/external_university/3/refreshFacet/318c8bb6f553100021
d223d9780d30be",R102326   |   Remote California   |   Posted 21 Days Ago
95,2021 Intern:  Machine Learning Applied Researcher for Lr / CC Search,"https://adobe.wd5.myworkdayjobs.com/external_university/3/refreshFacet/318c8bb6f553100021
d223d9780d30be",R101895   |   San Jose   |   Posted 21 Days Ago
96,"Product Manager, Adobe Sign, MBA Full Time","https://adobe.wd5.myworkdayjobs.com/external_university/3/refreshFacet/318c8bb6f553100021
d223d9780d30be",R101916   |   San Jose   |   Posted 21 Days Ago
97,Business Operations Analyst MBA Full Time,"https://adobe.wd5.myworkdayjobs.com/external_university/3/refreshFacet/318c8bb6f553100021
d223d9780d30be",R101517   |   San Jose   |   Posted 21 Days Ago
98,"2021 University Graduate - Software Engineer, Adobe Stock","https://adobe.wd5.myworkdayjobs.com/external_university/3/refreshFacet/318c8bb6f553100021
d223d9780d30be",R101059   |   San Francisco   |   Posted 22 Days Ago
99,"Product Marketing Manager, AEM Sites, MBA Full Time","https://adobe.wd5.myworkdayjobs.com/external_university/3/refreshFacet/318c8bb6f553100021
d223d9780d30be","R101341   |   San Francisco, More...   |   Posted 22 Days Ago"
100,Consumer Retention MBA Intern,"https://adobe.wd5.myworkdayjobs.com/external_university/3/refreshFacet/318c8bb6f553100021
d223d9780d30be",R101309   |   San Francisco   |   Posted 22 Days Ago
101,"Product Manager, Adobe Stock Consumer Engagement MBA Intern","https://adobe.wd5.myworkdayjobs.com/external_university/3/refreshFacet/318c8bb6f553100021
d223d9780d30be",R102705   |   San Francisco   |   Posted 22 Days Ago
102,2021 Intern - Data Analyst,"https://adobe.wd5.myworkdayjobs.com/external_university/3/refreshFacet/318c8bb6f553100021
d223d9780d30be",R102333   |   Remote California   |   Posted 22 Days Ago
103,2021 Intern - Adobe.com Personalization Intern,"https://adobe.wd5.myworkdayjobs.com/external_university/3/refreshFacet/318c8bb6f553100021
d223d9780d30be",R102472   |   Remote California   |   Posted 22 Days Ago
104,2021 University Graduate - Web Optimization and Personalization Developer,"https://adobe.wd5.myworkdayjobs.com/external_university/3/refreshFacet/318c8bb6f553100021
d223d9780d30be",R102607   |   San Jose   |   Posted 22 Days Ago
105,Writing Intern Enterprise Studio,"https://adobe.wd5.myworkdayjobs.com/external_university/3/refreshFacet/318c8bb6f553100021
d223d9780d30be","R102479   |   Lehi, More...   |   Posted 22 Days Ago"
106,2021 University Graduate- Application Security Researcher,"https://adobe.wd5.myworkdayjobs.com/external_university/3/refreshFacet/318c8bb6f553100021
d223d9780d30be","R100930   |   San Jose, More...   |   Posted 22 Days Ago"
107,2021 University Graduate - Application Security Researcher,"https://adobe.wd5.myworkdayjobs.com/external_university/3/refreshFacet/318c8bb6f553100021
d223d9780d30be",R101293   |   San Jose   |   Posted 22 Days Ago
108,2021 Intern - Adobe Type Client Engineer Intern,"https://adobe.wd5.myworkdayjobs.com/external_university/3/refreshFacet/318c8bb6f553100021
d223d9780d30be","R100717   |   Seattle, More...   |   Posted 23 Days Ago"
109,Business Strategy MBA Intern,"https://adobe.wd5.myworkdayjobs.com/external_university/3/refreshFacet/318c8bb6f553100021
d223d9780d30be",R102510   |   San Francisco   |   Posted 23 Days Ago
110,"Experience Design Intern, Design Systems for Video","https://adobe.wd5.myworkdayjobs.com/external_university/3/refreshFacet/318c8bb6f553100021
d223d9780d30be","R100861   |   Remote California, More...   |   Posted 23 Days Ago"
111,"Experience Design Intern, Adobe XD","https://adobe.wd5.myworkdayjobs.com/external_university/3/refreshFacet/318c8bb6f553100021
d223d9780d30be","R101279   |   San Francisco, More...   |   Posted 23 Days Ago"
112,2021 University Graduate - Java Software Engineer,"https://adobe.wd5.myworkdayjobs.com/external_university/3/refreshFacet/318c8bb6f553100021
d223d9780d30be",R102232   |   Bucharest   |   Posted 23 Days Ago
113,2021 Intern - International Business Strategy,"https://adobe.wd5.myworkdayjobs.com/external_university/3/refreshFacet/318c8bb6f553100021
d223d9780d30be","R101505   |   London, More...   |   Posted 23 Days Ago"
114,2021 University Graduate- Web Development Engineer,"https://adobe.wd5.myworkdayjobs.com/external_university/3/refreshFacet/318c8bb6f553100021
d223d9780d30be",R100562   |   Lehi   |   Posted 24 Days Ago
115,"Product Marketing, Adobe Experience Manager, MBA Intern","https://adobe.wd5.myworkdayjobs.com/external_university/3/refreshFacet/318c8bb6f553100021
d223d9780d30be","R101869   |   San Jose, More...   |   Posted 24 Days Ago"
116,2021 Intern - Experience Design,"https://adobe.wd5.myworkdayjobs.com/external_university/3/refreshFacet/318c8bb6f553100021
d223d9780d30be",R102380   |   San Francisco   |   Posted 24 Days Ago
117,Marketing MBA Intern,"https://adobe.wd5.myworkdayjobs.com/external_university/3/refreshFacet/318c8bb6f553100021
d223d9780d30be","R102538   |   San Jose, More...   |   Posted 24 Days Ago"
118,"2021 - Intern, International Marketing Strategy and Planning","https://adobe.wd5.myworkdayjobs.com/external_university/3/refreshFacet/318c8bb6f553100021
d223d9780d30be",R101500   |   London   |   Posted 24 Days Ago
119,Graduate Digital Sales Analyst x 3,"https://adobe.wd5.myworkdayjobs.com/external_university/3/refreshFacet/318c8bb6f553100021
d223d9780d30be",R101428   |   Maidenhead   |   Posted 24 Days Ago
120,"Experience Design Intern, Adobe Experience Cloud","https://adobe.wd5.myworkdayjobs.com/external_university/3/refreshFacet/318c8bb6f553100021
d223d9780d30be","R100568   |   San Jose, More...   |   Posted 27 Days Ago"
121,"Product Manager, Adobe Spark (Haas@Work) MBA Intern","https://adobe.wd5.myworkdayjobs.com/external_university/3/refreshFacet/318c8bb6f553100021
d223d9780d30be",R101862   |   San Francisco   |   Posted 27 Days Ago
122,"Video Animation Intern, Spectrum Design System","https://adobe.wd5.myworkdayjobs.com/external_university/3/refreshFacet/318c8bb6f553100021
d223d9780d30be",R101692   |   San Francisco   |   Posted 27 Days Ago
123,Fullstack SiteOps Engineer,"https://adobe.wd5.myworkdayjobs.com/external_university/3/refreshFacet/318c8bb6f553100021
d223d9780d30be",R102331   |   New York   |   Posted 27 Days Ago
124,"University Graduate Program - Site Reliability Engineer, Adobe Analytics","https://adobe.wd5.myworkdayjobs.com/external_university/3/refreshFacet/318c8bb6f553100021
d223d9780d30be",R101380   |   Bucharest   |   Posted 27 Days Ago
125,Junior / Graduate Renewal Sales Specialist,"https://adobe.wd5.myworkdayjobs.com/external_university/3/refreshFacet/318c8bb6f553100021
d223d9780d30be",R101952   |   Munich   |   Posted 27 Days Ago
126,2021 Intern - Globalization Engineer,"https://adobe.wd5.myworkdayjobs.com/external_university/3/refreshFacet/318c8bb6f553100021
d223d9780d30be",R100815   |   San Jose   |   Posted 28 Days Ago
127,"Experience Content Strategy Intern, Accessibility and Inclusivity","https://adobe.wd5.myworkdayjobs.com/external_university/3/refreshFacet/318c8bb6f553100021
d223d9780d30be","R101919   |   San Francisco, More...   |   Posted 28 Days Ago"
128,"2021 University Graduate - Software Engineer, Adobe Stock","https://adobe.wd5.myworkdayjobs.com/external_university/3/refreshFacet/318c8bb6f553100021
d223d9780d30be","R100982   |   San Francisco, More...   |   Posted 29 Days Ago"
129,Product Manager MBA Intern,"https://adobe.wd5.myworkdayjobs.com/external_university/3/refreshFacet/318c8bb6f553100021
d223d9780d30be","R100766   |   San Francisco, More...   |   Posted 29 Days Ago"
130,2021 University Graduate - Associate Developer Advocate,"https://adobe.wd5.myworkdayjobs.com/external_university/3/refreshFacet/318c8bb6f553100021
d223d9780d30be","R100801   |   New York, More...   |   Posted 29 Days Ago"
131,Breakthrough Interactions and Graphics Lab Intern,"https://adobe.wd5.myworkdayjobs.com/external_university/3/refreshFacet/318c8bb6f553100021
d223d9780d30be",R101447   |   San Francisco   |   Posted 29 Days Ago
132,"Experience Design Intern, Adobe Fresco","https://adobe.wd5.myworkdayjobs.com/external_university/3/refreshFacet/318c8bb6f553100021
d223d9780d30be","R100864   |   San Francisco, More...   |   Posted 29 Days Ago"
133,2021 University Graduate - Software Engineer,"https://adobe.wd5.myworkdayjobs.com/external_university/3/refreshFacet/318c8bb6f553100021
d223d9780d30be",R100920   |   San Jose   |   Posted 30 Days Ago
134,Job Title: 2021 Research Intern ?€? Audio,"https://adobe.wd5.myworkdayjobs.com/external_university/3/refreshFacet/318c8bb6f553100021
d223d9780d30be","R102056   |   Remote California, More...   |   Posted 30 Days Ago"
135,2021 Data Science Intern - Paid Subscriber Engagement Optimization,"https://adobe.wd5.myworkdayjobs.com/external_university/3/refreshFacet/318c8bb6f553100021
d223d9780d30be",R101848   |   Remote California   |   Posted 30 Days Ago
136,Design Program Management Intern,"https://adobe.wd5.myworkdayjobs.com/external_university/3/refreshFacet/318c8bb6f553100021
d223d9780d30be",R101141   |   San Francisco   |   Posted 30 Days Ago
137,"Experience Design Intern, Creative Cloud Surfaces","https://adobe.wd5.myworkdayjobs.com/external_university/3/refreshFacet/318c8bb6f553100021
d223d9780d30be","R100866   |   New York, More...   |   Posted 30 Days Ago"
138,Research Engineering Intern - C/C++/Python Focus,"https://adobe.wd5.myworkdayjobs.com/external_university/3/refreshFacet/318c8bb6f553100021
d223d9780d30be",R101864   |   San Jose   |   Posted 30 Days Ago
139,Research Engineering Intern - Machine Learning Focus,"https://adobe.wd5.myworkdayjobs.com/external_university/3/refreshFacet/318c8bb6f553100021
d223d9780d30be",R101863   |   Seattle   |   Posted 30 Days Ago
140,Research Engineering Intern - Web Development Focus,"https://adobe.wd5.myworkdayjobs.com/external_university/3/refreshFacet/318c8bb6f553100021
d223d9780d30be",R101558   |   Seattle   |   Posted 30 Days Ago
141,Research Engineering Intern - High-Performance Computing Focus,"https://adobe.wd5.myworkdayjobs.com/external_university/3/refreshFacet/318c8bb6f553100021
d223d9780d30be",R101556   |   San Jose   |   Posted 30 Days Ago
142,Research Engineering Intern - C++/JavaScript Focus,"https://adobe.wd5.myworkdayjobs.com/external_university/3/refreshFacet/318c8bb6f553100021
d223d9780d30be",R101557   |   Seattle   |   Posted 30 Days Ago
143,2021 Intern - Fresco Graphics Engineer,"https://adobe.wd5.myworkdayjobs.com/external_university/3/refreshFacet/318c8bb6f553100021
d223d9780d30be","R101734   |   San Jose, More...   |   Posted 30+ Days Ago"
144,"Job Title: 2021 Research Intern ?€? AR,VR & 360 Photography","https://adobe.wd5.myworkdayjobs.com/external_university/3/refreshFacet/318c8bb6f553100021
d223d9780d30be","R102055   |   Remote California, More...   |   Posted 30+ Days Ago"
145,"2021 Intern - Growth Marketing Manager, Adobe Spark","https://adobe.wd5.myworkdayjobs.com/external_university/3/refreshFacet/318c8bb6f553100021
d223d9780d30be",R101856   |   San Francisco   |   Posted 30+ Days Ago
146,"2021 Intern - Data Engineering, Document Cloud","https://adobe.wd5.myworkdayjobs.com/external_university/3/refreshFacet/318c8bb6f553100021
d223d9780d30be",R102078   |   San Jose   |   Posted 30+ Days Ago
147,"Experience Developer, Machine Intelligence Design","https://adobe.wd5.myworkdayjobs.com/external_university/3/refreshFacet/318c8bb6f553100021
d223d9780d30be","R100894   |   San Francisco, More...   |   Posted 30+ Days Ago"
148,Intelligent Experiences Intern,"https://adobe.wd5.myworkdayjobs.com/external_university/3/refreshFacet/318c8bb6f553100021
d223d9780d30be","R101644   |   San Francisco, More...   |   Posted 30+ Days Ago"
149,"Product Manager - User Experience, Adobe Experience Platform","https://adobe.wd5.myworkdayjobs.com/external_university/3/refreshFacet/318c8bb6f553100021
d223d9780d30be","R101794   |   San Jose, More...   |   Posted 30+ Days Ago"
150,2021 Research Intern ?€? Engineering Focus,"https://adobe.wd5.myworkdayjobs.com/external_university/3/refreshFacet/318c8bb6f553100021
d223d9780d30be","R102051   |   Remote California, More...   |   Posted 30+ Days Ago"
151,2021 Research Intern ?€? Large Scale Distributed Systems and Data Intelligence,"https://adobe.wd5.myworkdayjobs.com/external_university/3/refreshFacet/318c8bb6f553100021
d223d9780d30be","R102049   |   Remote California, More...   |   Posted 30+ Days Ago"
152,2021 Research Intern ?€? Systems and Languages,"https://adobe.wd5.myworkdayjobs.com/external_university/3/refreshFacet/318c8bb6f553100021
d223d9780d30be","R102050   |   Remote California, More...   |   Posted 30+ Days Ago"
153,2021 Research Intern ?€? Natural Language Processing,"https://adobe.wd5.myworkdayjobs.com/external_university/3/refreshFacet/318c8bb6f553100021
d223d9780d30be","R102048   |   Remote California, More...   |   Posted 30+ Days Ago"
154,2021 Research Intern ?€? Human Computer Interaction,"https://adobe.wd5.myworkdayjobs.com/external_university/3/refreshFacet/318c8bb6f553100021
d223d9780d30be","R102045   |   Remote California, More...   |   Posted 30+ Days Ago"
155,2021 Research Intern ?€?  Data Science & Machine Learning,"https://adobe.wd5.myworkdayjobs.com/external_university/3/refreshFacet/318c8bb6f553100021
d223d9780d30be","R102291   |   Remote California, More...   |   Posted 30+ Days Ago"
156,2021 Research Intern ?€? Multimedia Systems,"https://adobe.wd5.myworkdayjobs.com/external_university/3/refreshFacet/318c8bb6f553100021
d223d9780d30be","R102292   |   Remote California, More...   |   Posted 30+ Days Ago"
157,"Job Title: 2021 Research Intern ?€? Computer Vision, Imaging & Video","https://adobe.wd5.myworkdayjobs.com/external_university/3/refreshFacet/318c8bb6f553100021
d223d9780d30be","R102057   |   Remote California, More...   |   Posted 30+ Days Ago"
158,Job Title: 2021 Research Intern ?€? Document Intelligence,"https://adobe.wd5.myworkdayjobs.com/external_university/3/refreshFacet/318c8bb6f553100021
d223d9780d30be","R102058   |   Remote California, More...   |   Posted 30+ Days Ago"
159,Job Title: 2021 Research Intern ?€? Graphics (2D & 3D),"https://adobe.wd5.myworkdayjobs.com/external_university/3/refreshFacet/318c8bb6f553100021
d223d9780d30be","R102060   |   Remote California, More...   |   Posted 30+ Days Ago"
160,2021 Intern - Research,"https://adobe.wd5.myworkdayjobs.com/external_university/3/refreshFacet/318c8bb6f553100021
d223d9780d30be",R101929   |   Remote California   |   Posted 30+ Days Ago
161,"2021 University Graduate - Member of Technical Staff, Digital Media Engineering","https://adobe.wd5.myworkdayjobs.com/external_university/3/refreshFacet/318c8bb6f553100021
d223d9780d30be",R100984   |   San Jose   |   Posted 30+ Days Ago
162,"2021 Intern - Software Engineer Intern, Adobe XD","https://adobe.wd5.myworkdayjobs.com/external_university/3/refreshFacet/318c8bb6f553100021
d223d9780d30be",R101443   |   San Francisco   |   Posted 30+ Days Ago
163,"2021 Intern - Software Engineer, Adobe Document Cloud","https://adobe.wd5.myworkdayjobs.com/external_university/3/refreshFacet/318c8bb6f553100021
d223d9780d30be",R101071   |   Remote Maryland   |   Posted 30+ Days Ago
164,2021 University Graduate - Financial Analyst MBA,"https://adobe.wd5.myworkdayjobs.com/external_university/3/refreshFacet/318c8bb6f553100021
d223d9780d30be","R102255   |   San Jose, More...   |   Posted 30+ Days Ago"
165,2021 Intern - Financial Analyst MBA,"https://adobe.wd5.myworkdayjobs.com/external_university/3/refreshFacet/318c8bb6f553100021
d223d9780d30be","R102181   |   San Jose, More...   |   Posted 30+ Days Ago"
166,2021 Intern - After Effects Software Engineering Intern,"https://adobe.wd5.myworkdayjobs.com/external_university/3/refreshFacet/318c8bb6f553100021
d223d9780d30be",R101480   |   Seattle   |   Posted 30+ Days Ago
167,2021 Intern - Photoshop Development and Design Intern,"https://adobe.wd5.myworkdayjobs.com/external_university/3/refreshFacet/318c8bb6f553100021
d223d9780d30be","R101440   |   San Jose, More...   |   Posted 30+ Days Ago"
168,"Experience Design Intern, Document Cloud","https://adobe.wd5.myworkdayjobs.com/external_university/3/refreshFacet/318c8bb6f553100021
d223d9780d30be",R100863   |   San Francisco   |   Posted 30+ Days Ago
169,2021 Intern: Software Engineering,"https://adobe.wd5.myworkdayjobs.com/external_university/3/refreshFacet/318c8bb6f553100021
d223d9780d30be","R102006   |   San Jose, More...   |   Posted 30+ Days Ago"
170,"Business Operations Manager, MBA Full Time","https://adobe.wd5.myworkdayjobs.com/external_university/3/refreshFacet/318c8bb6f553100021
d223d9780d30be","R101218   |   San Jose, More...   |   Posted 30+ Days Ago"
171,"Experience Design Intern, Experience Cloud Design Frameworks","https://adobe.wd5.myworkdayjobs.com/external_university/3/refreshFacet/318c8bb6f553100021
d223d9780d30be",R100860   |   Lehi   |   Posted 30+ Days Ago
172,"2021 Intern - Software Engineer, Drover","https://adobe.wd5.myworkdayjobs.com/external_university/3/refreshFacet/318c8bb6f553100021
d223d9780d30be",R100846   |   San Jose   |   Posted 30+ Days Ago
173,"2021 Intern - Software Engineer, Drover","https://adobe.wd5.myworkdayjobs.com/external_university/3/refreshFacet/318c8bb6f553100021
d223d9780d30be",R100844   |   San Jose   |   Posted 30+ Days Ago
174,2021 Intern - Software Engineer,"https://adobe.wd5.myworkdayjobs.com/external_university/3/refreshFacet/318c8bb6f553100021
d223d9780d30be",R100511   |   Lehi   |   Posted 30+ Days Ago
175,2021 Intern - Data Scientist,"https://adobe.wd5.myworkdayjobs.com/external_university/3/refreshFacet/318c8bb6f553100021
d223d9780d30be",R101779   |   Seattle   |   Posted 30+ Days Ago
176,"2021 University Graduate - UX Engineer, Adobe Experience Manager (Cloud Manager)","https://adobe.wd5.myworkdayjobs.com/external_university/3/refreshFacet/318c8bb6f553100021
d223d9780d30be",R101948   |   Bucharest   |   Posted 30+ Days Ago
177,2021 Intern - Research,"https://adobe.wd5.myworkdayjobs.com/external_university/3/refreshFacet/318c8bb6f553100021
d223d9780d30be",R101033   |   Remote California   |   Posted 30+ Days Ago
178,2021 Intern - Research,"https://adobe.wd5.myworkdayjobs.com/external_university/3/refreshFacet/318c8bb6f553100021
d223d9780d30be",R101034   |   Remote California   |   Posted 30+ Days Ago
179,2021 Intern - Adobe Customer Solutions Business Consultant Intern,"https://adobe.wd5.myworkdayjobs.com/external_university/3/refreshFacet/318c8bb6f553100021
d223d9780d30be","R101908   |   San Jose, More...   |   Posted 30+ Days Ago"
180,2021 Intern - Adobe Customer Solutions Technical Consultant Intern,"https://adobe.wd5.myworkdayjobs.com/external_university/3/refreshFacet/318c8bb6f553100021
d223d9780d30be","R101905   |   San Jose, More...   |   Posted 30+ Days Ago"
181,"2021 Intern - Software Intern, Adobe Fresco","https://adobe.wd5.myworkdayjobs.com/external_university/3/refreshFacet/318c8bb6f553100021
d223d9780d30be","R100909   |   San Jose, More...   |   Posted 30+ Days Ago"
182,Cloud Engineer Intern,"https://adobe.wd5.myworkdayjobs.com/external_university/3/refreshFacet/318c8bb6f553100021
d223d9780d30be",R101850   |   Lehi   |   Posted 30+ Days Ago
183,"2021 University Graduate ?€? Change Manager, IT & Reliability Engineering","https://adobe.wd5.myworkdayjobs.com/external_university/3/refreshFacet/318c8bb6f553100021
d223d9780d30be","R101284   |   San Jose, More...   |   Posted 30+ Days Ago"
184,2021 University Grad- Identity Management Specialist,"https://adobe.wd5.myworkdayjobs.com/external_university/3/refreshFacet/318c8bb6f553100021
d223d9780d30be",R100882   |   Ottawa   |   Posted 30+ Days Ago
185,2021 Intern - Software Engineer,"https://adobe.wd5.myworkdayjobs.com/external_university/3/refreshFacet/318c8bb6f553100021
d223d9780d30be",R101926   |   San Jose   |   Posted 30+ Days Ago
186,2021 Intern - Software Engineer,"https://adobe.wd5.myworkdayjobs.com/external_university/3/refreshFacet/318c8bb6f553100021
d223d9780d30be",R101903   |   San Jose   |   Posted 30+ Days Ago
187,2021 Intern - Software Developer Intern - Creative SDK,"https://adobe.wd5.myworkdayjobs.com/external_university/3/refreshFacet/318c8bb6f553100021
d223d9780d30be","R100680   |   San Jose, More...   |   Posted 30+ Days Ago"
188,2021 University Grad- Computer Scientist,"https://adobe.wd5.myworkdayjobs.com/external_university/3/refreshFacet/318c8bb6f553100021
d223d9780d30be",R101866   |   San Jose   |   Posted 30+ Days Ago
189,Data Collection Software Engineering Intern,"https://adobe.wd5.myworkdayjobs.com/external_university/3/refreshFacet/318c8bb6f553100021
d223d9780d30be",R101757   |   Lehi   |   Posted 30+ Days Ago
190,Education Marketing Communications Specialist,"https://adobe.wd5.myworkdayjobs.com/external_university/3/refreshFacet/318c8bb6f553100021
d223d9780d30be",R101767   |   San Francisco   |   Posted 30+ Days Ago
191,"2021 Intern - Software Developer Intern, Cloud Video","https://adobe.wd5.myworkdayjobs.com/external_university/3/refreshFacet/318c8bb6f553100021
d223d9780d30be","R100652   |   San Jose, More...   |   Posted 30+ Days Ago"
192,2021 Intern - Web Services Engineer,"https://adobe.wd5.myworkdayjobs.com/external_university/3/refreshFacet/318c8bb6f553100021
d223d9780d30be",R101630   |   Seattle   |   Posted 30+ Days Ago
193,"2021 Intern - Software Development Intern, Behance","https://adobe.wd5.myworkdayjobs.com/external_university/3/refreshFacet/318c8bb6f553100021
d223d9780d30be",R100945   |   New York   |   Posted 30+ Days Ago
194,2021 Intern - Web Developer Intern,"https://adobe.wd5.myworkdayjobs.com/external_university/3/refreshFacet/318c8bb6f553100021
d223d9780d30be",R100521   |   San Jose   |   Posted 30+ Days Ago
195,"2021 University Graduate - Software Engineer, Adobe Document Cloud","https://adobe.wd5.myworkdayjobs.com/external_university/3/refreshFacet/318c8bb6f553100021
d223d9780d30be",R101910   |   San Jose   |   Posted 30+ Days Ago
196,Research Engineering and Design Lab Intern,"https://adobe.wd5.myworkdayjobs.com/external_university/3/refreshFacet/318c8bb6f553100021
d223d9780d30be",R101553   |   San Francisco   |   Posted 30+ Days Ago
197,2021 Intern - CC Machine Learning,"https://adobe.wd5.myworkdayjobs.com/external_university/3/refreshFacet/318c8bb6f553100021
d223d9780d30be",R100903   |   San Jose   |   Posted 30+ Days Ago
198,2021 Intern - Font Developer,"https://adobe.wd5.myworkdayjobs.com/external_university/3/refreshFacet/318c8bb6f553100021
d223d9780d30be",R100633   |   San Jose   |   Posted 30+ Days Ago
199,2021 University Graduate - Font Developer,"https://adobe.wd5.myworkdayjobs.com/external_university/3/refreshFacet/318c8bb6f553100021
d223d9780d30be",R100634   |   San Jose   |   Posted 30+ Days Ago
200,2021 Intern - Product Management Intern,"https://adobe.wd5.myworkdayjobs.com/external_university/3/refreshFacet/318c8bb6f553100021
d223d9780d30be",R100967   |   San Jose   |   Posted 30+ Days Ago
201,"2021 Intern - Software Engineering Intern, Creative Cloud","https://adobe.wd5.myworkdayjobs.com/external_university/3/refreshFacet/318c8bb6f553100021
d223d9780d30be",R100619   |   San Francisco   |   Posted 30+ Days Ago
202,2021 Intern - Software Engineer/Data Science Intern,"https://adobe.wd5.myworkdayjobs.com/external_university/3/refreshFacet/318c8bb6f553100021
d223d9780d30be","R100968   |   San Jose, More...   |   Posted 30+ Days Ago"
203,"2021 University Graduate - Product Manager, Creative Cloud","https://adobe.wd5.myworkdayjobs.com/external_university/3/refreshFacet/318c8bb6f553100021
d223d9780d30be","R100726   |   San Francisco, More...   |   Posted 30+ Days Ago"
204,2021 Intern: Cloud Software Development,"https://adobe.wd5.myworkdayjobs.com/external_university/3/refreshFacet/318c8bb6f553100021
d223d9780d30be",R101308   |   San Jose   |   Posted 30+ Days Ago
205,2021 Intern - XE Consumer Insights Intern [MBA/MASTERS],"https://adobe.wd5.myworkdayjobs.com/external_university/3/refreshFacet/318c8bb6f553100021
d223d9780d30be",R100703   |   San Francisco   |   Posted 30+ Days Ago
206,2021 Intern - Research Scientist Intern,"https://adobe.wd5.myworkdayjobs.com/external_university/3/refreshFacet/318c8bb6f553100021
d223d9780d30be","R101354   |   San Francisco, More...   |   Posted 30+ Days Ago"
207,"2021 Intern - Data Science Analyst, Adobe Spark","https://adobe.wd5.myworkdayjobs.com/external_university/3/refreshFacet/318c8bb6f553100021
d223d9780d30be","R101369   |   San Francisco, More...   |   Posted 30+ Days Ago"
208,2021 Intern - Software Engineer Intern,"https://adobe.wd5.myworkdayjobs.com/external_university/3/refreshFacet/318c8bb6f553100021
d223d9780d30be","R101077   |   San Francisco, More...   |   Posted 30+ Days Ago"
209,2021 Intern - Software Engineer Intern,"https://adobe.wd5.myworkdayjobs.com/external_university/3/refreshFacet/318c8bb6f553100021
d223d9780d30be","R100733   |   Seattle, More...   |   Posted 30+ Days Ago"
210,2021 Intern - Program Management Intern,"https://adobe.wd5.myworkdayjobs.com/external_university/3/refreshFacet/318c8bb6f553100021
d223d9780d30be","R101736   |   New York, More...   |   Posted 30+ Days Ago"
211,2021 Intern - 3D/Augment Reality Software Development Intern,"https://adobe.wd5.myworkdayjobs.com/external_university/3/refreshFacet/318c8bb6f553100021
d223d9780d30be","R100661   |   San Jose, More...   |   Posted 30+ Days Ago"
212,2021 University Graduate - Software Engineer Graphics,"https://adobe.wd5.myworkdayjobs.com/external_university/3/refreshFacet/318c8bb6f553100021
d223d9780d30be","R100712   |   San Francisco, More...   |   Posted 30+ Days Ago"
213,"2021 University Graduate - Platform Partnerships Associate, Creative Cloud","https://adobe.wd5.myworkdayjobs.com/external_university/3/refreshFacet/318c8bb6f553100021
d223d9780d30be","R100855   |   New York, More...   |   Posted 30+ Days Ago"
214,2021 Intern - Android Engineering Intern - Behance,"https://adobe.wd5.myworkdayjobs.com/external_university/3/refreshFacet/318c8bb6f553100021
d223d9780d30be","R100883   |   New York, More...   |   Posted 30+ Days Ago"
215,2021 Intern- Cloud Security Researcher Intern,"https://adobe.wd5.myworkdayjobs.com/external_university/3/refreshFacet/318c8bb6f553100021
d223d9780d30be",R101694   |   San Jose   |   Posted 30+ Days Ago
216,"2021 Intern- Software Development Engineer, Web UI","https://adobe.wd5.myworkdayjobs.com/external_university/3/refreshFacet/318c8bb6f553100021
d223d9780d30be",R101666   |   Seattle   |   Posted 30+ Days Ago
217,2021 - University Graduate - Financial Analyst,"https://adobe.wd5.myworkdayjobs.com/external_university/3/refreshFacet/318c8bb6f553100021
d223d9780d30be",R101376   |   Lehi   |   Posted 30+ Days Ago
218,2021 Intern - Support Operations Project Lead,"https://adobe.wd5.myworkdayjobs.com/external_university/3/refreshFacet/318c8bb6f553100021
d223d9780d30be","R101631   |   Lehi, More...   |   Posted 30+ Days Ago"
219,"2021 Intern - Program Manager, Customer Experience","https://adobe.wd5.myworkdayjobs.com/external_university/3/refreshFacet/318c8bb6f553100021
d223d9780d30be","R101674   |   San Jose, More...   |   Posted 30+ Days Ago"
220,"2021 Intern - Software Engineer, Adobe Stock","https://adobe.wd5.myworkdayjobs.com/external_university/3/refreshFacet/318c8bb6f553100021
d223d9780d30be",R101540   |   San Francisco   |   Posted 30+ Days Ago
221,"2021 Intern - Security Intern, Adobe Document Cloud","https://adobe.wd5.myworkdayjobs.com/external_university/3/refreshFacet/318c8bb6f553100021
d223d9780d30be",R101470   |   San Jose   |   Posted 30+ Days Ago
222,"2021 University Graduate - Full Stack Web Developer, Adobe Document Cloud","https://adobe.wd5.myworkdayjobs.com/external_university/3/refreshFacet/318c8bb6f553100021
d223d9780d30be",R101437   |   San Jose   |   Posted 30+ Days Ago
223,"2021 University Graduate - Computer Scientist, Adobe Document Cloud","https://adobe.wd5.myworkdayjobs.com/external_university/3/refreshFacet/318c8bb6f553100021
d223d9780d30be",R101305   |   San Jose   |   Posted 30+ Days Ago
224,"2021 University Graduate - Software Development Engineer, Adobe Sign","https://adobe.wd5.myworkdayjobs.com/external_university/3/refreshFacet/318c8bb6f553100021
d223d9780d30be",R101239   |   San Jose   |   Posted 30+ Days Ago
225,"2021 Intern - Product Analyst , Adobe Stock Analytics","https://adobe.wd5.myworkdayjobs.com/external_university/3/refreshFacet/318c8bb6f553100021
d223d9780d30be",R101726   |   San Francisco   |   Posted 30+ Days Ago
226,"2021 Intern - Software Engineer, Adobe Stock","https://adobe.wd5.myworkdayjobs.com/external_university/3/refreshFacet/318c8bb6f553100021
d223d9780d30be",R101223   |   San Francisco   |   Posted 30+ Days Ago
227,2021 Intern - Software Development - Mobile,"https://adobe.wd5.myworkdayjobs.com/external_university/3/refreshFacet/318c8bb6f553100021
d223d9780d30be",R101159   |   San Jose   |   Posted 30+ Days Ago
228,"2021 University Graduate - Software Engineer, Adobe Stock","https://adobe.wd5.myworkdayjobs.com/external_university/3/refreshFacet/318c8bb6f553100021
d223d9780d30be","R101083   |   San Francisco, More...   |   Posted 30+ Days Ago"
229,"2021 University Graduate - Software Engineer, Adobe Stock","https://adobe.wd5.myworkdayjobs.com/external_university/3/refreshFacet/318c8bb6f553100021
d223d9780d30be",R101535   |   San Francisco   |   Posted 30+ Days Ago
230,"2021 Intern - Software Development, Adobe Sign Enterprise","https://adobe.wd5.myworkdayjobs.com/external_university/3/refreshFacet/318c8bb6f553100021
d223d9780d30be",R100956   |   Remote Massachusetts   |   Posted 30+ Days Ago
231,"2021 Intern - Software Technology, Digital Media","https://adobe.wd5.myworkdayjobs.com/external_university/3/refreshFacet/318c8bb6f553100021
d223d9780d30be",R100901   |   San Jose   |   Posted 30+ Days Ago
232,"2021 Intern - Software Technology, Digital Media","https://adobe.wd5.myworkdayjobs.com/external_university/3/refreshFacet/318c8bb6f553100021
d223d9780d30be",R100895   |   San Jose   |   Posted 30+ Days Ago
233,Adobe XD Software Development Intern,"https://adobe.wd5.myworkdayjobs.com/external_university/3/refreshFacet/318c8bb6f553100021
d223d9780d30be",R100962   |   San Francisco   |   Posted 30+ Days Ago
234,"2021 Intern - Computer Scientist, Adobe Ethos","https://adobe.wd5.myworkdayjobs.com/external_university/3/refreshFacet/318c8bb6f553100021
d223d9780d30be",R101318   |   San Jose   |   Posted 30+ Days Ago
235,Web Development Intern,"https://adobe.wd5.myworkdayjobs.com/external_university/3/refreshFacet/318c8bb6f553100021
d223d9780d30be",R101257   |   New York   |   Posted 30+ Days Ago
236,"Efficiency Engineering Intern, Adobe Platform Team (Ethos)","https://adobe.wd5.myworkdayjobs.com/external_university/3/refreshFacet/318c8bb6f553100021
d223d9780d30be","R101339   |   New York, More...   |   Posted 30+ Days Ago"
237,2021 University Graduate- IT PMO Program Manager,"https://adobe.wd5.myworkdayjobs.com/external_university/3/refreshFacet/318c8bb6f553100021
d223d9780d30be",R101687   |   San Jose   |   Posted 30+ Days Ago
238,2021 University Graduate- IT PMO Program Manager,"https://adobe.wd5.myworkdayjobs.com/external_university/3/refreshFacet/318c8bb6f553100021
d223d9780d30be",R101684   |   San Jose   |   Posted 30+ Days Ago
239,2021 Intern ?€? Application Security Researcher,"https://adobe.wd5.myworkdayjobs.com/external_university/3/refreshFacet/318c8bb6f553100021
d223d9780d30be",R100927   |   San Jose   |   Posted 30+ Days Ago
240,Intern - Adobe I/O Data Analyst,"https://adobe.wd5.myworkdayjobs.com/external_university/3/refreshFacet/318c8bb6f553100021
d223d9780d30be",R101530   |   San Jose   |   Posted 30+ Days Ago
241,Data Science Intern,"https://adobe.wd5.myworkdayjobs.com/external_university/3/refreshFacet/318c8bb6f553100021
d223d9780d30be",R100530   |   San Jose   |   Posted 30+ Days Ago
242,"2021 Intern - Data Science, Document Cloud","https://adobe.wd5.myworkdayjobs.com/external_university/3/refreshFacet/318c8bb6f553100021
d223d9780d30be",R100686   |   Boston   |   Posted 30+ Days Ago
243,"Product Marketing Manager, Customer Experience and Growth, Acrobat, MBA Intern","https://adobe.wd5.myworkdayjobs.com/external_university/3/refreshFacet/318c8bb6f553100021
d223d9780d30be","R100789   |   San Francisco, More...   |   Posted 30+ Days Ago"
244,2021 University Graduate - Applied Scientist,"https://adobe.wd5.myworkdayjobs.com/external_university/3/refreshFacet/318c8bb6f553100021
d223d9780d30be","R100349   |   San Jose, More...   |   Posted 30+ Days Ago"
245,"2021 University Graduate - Software Engineer, Adobe Document Cloud","https://adobe.wd5.myworkdayjobs.com/external_university/3/refreshFacet/318c8bb6f553100021
d223d9780d30be","R100966   |   San Jose, More...   |   Posted 30+ Days Ago"
246,"Experience Development Intern, AI/ML","https://adobe.wd5.myworkdayjobs.com/external_university/3/refreshFacet/318c8bb6f553100021
d223d9780d30be","R101537   |   New York, More...   |   Posted 30+ Days Ago"
247,Software Developer Intern,"https://adobe.wd5.myworkdayjobs.com/external_university/3/refreshFacet/318c8bb6f553100021
d223d9780d30be",R101229   |   Seattle   |   Posted 30+ Days Ago
248,2021 Summer Intern - Software Developer,"https://adobe.wd5.myworkdayjobs.com/external_university/3/refreshFacet/318c8bb6f553100021
d223d9780d30be",R100748   |   Austin   |   Posted 30+ Days Ago
249,Site Reliability Engineer Intern,"https://adobe.wd5.myworkdayjobs.com/external_university/3/refreshFacet/318c8bb6f553100021
d223d9780d30be","R100961   |   San Francisco, More...   |   Posted 30+ Days Ago"
250,"Ecommerce Manager, Americas - Adobe Sign, MBA Full Time","https://adobe.wd5.myworkdayjobs.com/external_university/3/refreshFacet/318c8bb6f553100021
d223d9780d30be",R100451   |   San Francisco   |   Posted 30+ Days Ago
251,"Americas Business Strategy Manager, MBA Full Time","https://adobe.wd5.myworkdayjobs.com/external_university/3/refreshFacet/318c8bb6f553100021
d223d9780d30be",R100363   |   San Jose   |   Posted 30+ Days Ago
252,UI Software Engineer,"https://adobe.wd5.myworkdayjobs.com/external_university/3/refreshFacet/318c8bb6f553100021
d223d9780d30be",R100898   |   San Jose   |   Posted 30+ Days Ago
253,Adobe Design Operations - Communications Intern,"https://adobe.wd5.myworkdayjobs.com/external_university/3/refreshFacet/318c8bb6f553100021
d223d9780d30be",R100476   |   San Francisco   |   Posted 30+ Days Ago
254,Summer 2021 Intern - Software Engineer,"https://adobe.wd5.myworkdayjobs.com/external_university/3/refreshFacet/318c8bb6f553100021
d223d9780d30be",R100955   |   San Jose   |   Posted 30+ Days Ago
255,2021 Summer Intern - Data Engineer,"https://adobe.wd5.myworkdayjobs.com/external_university/3/refreshFacet/318c8bb6f553100021
d223d9780d30be",R100886   |   San Jose   |   Posted 30+ Days Ago
256,2021 Intern - Cloud Computing Intern,"https://adobe.wd5.myworkdayjobs.com/external_university/3/refreshFacet/318c8bb6f553100021
d223d9780d30be",R101434   |   San Jose   |   Posted 30+ Days Ago
257,Research Scientist,"https://adobe.wd5.myworkdayjobs.com/external_university/3/refreshFacet/318c8bb6f553100021
d223d9780d30be",R100086   |   San Francisco   |   Posted 30+ Days Ago
258,Developer Experience Product Manager MBA Intern,"https://adobe.wd5.myworkdayjobs.com/external_university/3/refreshFacet/318c8bb6f553100021
d223d9780d30be",R101124   |   San Francisco   |   Posted 30+ Days Ago
259,Creative Cloud C++ Engineer,"https://adobe.wd5.myworkdayjobs.com/external_university/3/refreshFacet/318c8bb6f553100021
d223d9780d30be",R100749   |   Bucharest   |   Posted 30+ Days Ago
260,Intern Machine Learning,"https://adobe.wd5.myworkdayjobs.com/external_university/3/refreshFacet/318c8bb6f553100021
d223d9780d30be",R101337   |   Bucharest   |   Posted 30+ Days Ago
261,"2021 University Graduate - Computer Scientist,  Adobe I/O Runtime","https://adobe.wd5.myworkdayjobs.com/external_university/3/refreshFacet/318c8bb6f553100021
d223d9780d30be",R100896   |   San Jose   |   Posted 30+ Days Ago
262,2021 University Graduate - Software Engineer - Services,"https://adobe.wd5.myworkdayjobs.com/external_university/3/refreshFacet/318c8bb6f553100021
d223d9780d30be",R101224   |   Seattle   |   Posted 30+ Days Ago
263,Summer 2021 Intern - Web Software Developer Intern,"https://adobe.wd5.myworkdayjobs.com/external_university/3/refreshFacet/318c8bb6f553100021
d223d9780d30be",R100953   |   San Francisco   |   Posted 30+ Days Ago
264,2021 University Graduate - Technology Compliance Product Owner,"https://adobe.wd5.myworkdayjobs.com/external_university/3/refreshFacet/318c8bb6f553100021
d223d9780d30be",R101275   |   San Jose   |   Posted 30+ Days Ago
265,Corporate Strategy Manager,"https://adobe.wd5.myworkdayjobs.com/external_university/3/refreshFacet/318c8bb6f553100021
d223d9780d30be","R101357   |   San Francisco, More...   |   Posted 30+ Days Ago"
266,Summer 2021 Intern - Software Engineering Intern - Premiere Pro,"https://adobe.wd5.myworkdayjobs.com/external_university/3/refreshFacet/318c8bb6f553100021
d223d9780d30be",R100531   |   San Jose   |   Posted 30+ Days Ago
267,Summer 2021 Intern - Software Engineering Intern - Premiere Pro,"https://adobe.wd5.myworkdayjobs.com/external_university/3/refreshFacet/318c8bb6f553100021
d223d9780d30be",R100515   |   San Jose   |   Posted 30+ Days Ago
268,Summer 2021 Intern - Web Developer Intern,"https://adobe.wd5.myworkdayjobs.com/external_university/3/refreshFacet/318c8bb6f553100021
d223d9780d30be",R100837   |   San Francisco   |   Posted 30+ Days Ago
269,2021 University Graduate - Technology Compliance Automation Engineer,"https://adobe.wd5.myworkdayjobs.com/external_university/3/refreshFacet/318c8bb6f553100021
d223d9780d30be",R101276   |   San Jose   |   Posted 30+ Days Ago
270,Software Engineer - Creative Cloud,"https://adobe.wd5.myworkdayjobs.com/external_university/3/refreshFacet/318c8bb6f553100021
d223d9780d30be",R100492   |   San Francisco   |   Posted 30+ Days Ago
271,Software Engineer - Premiere Pro,"https://adobe.wd5.myworkdayjobs.com/external_university/3/refreshFacet/318c8bb6f553100021
d223d9780d30be",R100908   |   San Jose   |   Posted 30+ Days Ago
272,"GTM Manager, B2B MBA Intern","https://adobe.wd5.myworkdayjobs.com/external_university/3/refreshFacet/318c8bb6f553100021
d223d9780d30be","R100797   |   San Jose, More...   |   Posted 30+ Days Ago"
273,Digital Media GTM Strategy + Operations MBA Intern,"https://adobe.wd5.myworkdayjobs.com/external_university/3/refreshFacet/318c8bb6f553100021
d223d9780d30be","R100734   |   San Francisco, More...   |   Posted 30+ Days Ago"
274,Research Scientist,"https://adobe.wd5.myworkdayjobs.com/external_university/3/refreshFacet/318c8bb6f553100021
d223d9780d30be",R100849   |   Seattle   |   Posted 30+ Days Ago
275,Corporate Strategy MBA Intern,"https://adobe.wd5.myworkdayjobs.com/external_university/3/refreshFacet/318c8bb6f553100021
d223d9780d30be","R100823   |   San Francisco, More...   |   Posted 30+ Days Ago"
276,Corporate Strategy MBA Intern,"https://adobe.wd5.myworkdayjobs.com/external_university/3/refreshFacet/318c8bb6f553100021
d223d9780d30be","R100825   |   San Francisco, More...   |   Posted 30+ Days Ago"
277,Digital Media GTM Strategy and Operations MBA Intern,"https://adobe.wd5.myworkdayjobs.com/external_university/3/refreshFacet/318c8bb6f553100021
d223d9780d30be",R100751   |   San Francisco   |   Posted 30+ Days Ago
278,Data Science and Strategic Analytics MBA Intern,"https://adobe.wd5.myworkdayjobs.com/external_university/3/refreshFacet/318c8bb6f553100021
d223d9780d30be","R100788   |   San Jose, More...   |   Posted 30+ Days Ago"
279,Product Manager MBA Intern,"https://adobe.wd5.myworkdayjobs.com/external_university/3/refreshFacet/318c8bb6f553100021
d223d9780d30be",R100732   |   San Jose   |   Posted 30+ Days Ago
280,Software Developer - Cloud Video,"https://adobe.wd5.myworkdayjobs.com/external_university/3/refreshFacet/318c8bb6f553100021
d223d9780d30be",R101129   |   San Jose   |   Posted 30+ Days Ago
281,"Summer 2021 Intern - Software Engineer, Adobe Cloud Platform Client SDK","https://adobe.wd5.myworkdayjobs.com/external_university/3/refreshFacet/318c8bb6f553100021
d223d9780d30be",R100839   |   Seattle   |   Posted 30+ Days Ago
282,Adobe Sales Academy Intern,"https://adobe.wd5.myworkdayjobs.com/external_university/3/refreshFacet/318c8bb6f553100021
d223d9780d30be","R100804   |   Denver, More...   |   Posted 30+ Days Ago"
283,Digital Media GTM Strategy + Operations MBA Intern,"https://adobe.wd5.myworkdayjobs.com/external_university/3/refreshFacet/318c8bb6f553100021
d223d9780d30be","R100856   |   San Francisco, More...   |   Posted 30+ Days Ago"
284,Summer 2021 Intern - Data Science,"https://adobe.wd5.myworkdayjobs.com/external_university/3/refreshFacet/318c8bb6f553100021
d223d9780d30be",R100841   |   San Jose   |   Posted 30+ Days Ago
285,2021 Summer Intern - Data Science,"https://adobe.wd5.myworkdayjobs.com/external_university/3/refreshFacet/318c8bb6f553100021
d223d9780d30be",R100845   |   San Jose   |   Posted 30+ Days Ago
286,"Summer 2021 Intern - Software Engineer, Adobe Digital Composite Technology (DCX)","https://adobe.wd5.myworkdayjobs.com/external_university/3/refreshFacet/318c8bb6f553100021
d223d9780d30be",R100818   |   Seattle   |   Posted 30+ Days Ago
287,2021 University Graduate - Software Engineer,"https://adobe.wd5.myworkdayjobs.com/external_university/3/refreshFacet/318c8bb6f553100021
d223d9780d30be",R100585   |   Lehi   |   Posted 30+ Days Ago
288,Summer 2021 Intern - Operations Project Manager,"https://adobe.wd5.myworkdayjobs.com/external_university/3/refreshFacet/318c8bb6f553100021
d223d9780d30be",R100649   |   Austin   |   Posted 30+ Days Ago
289,Employee Experience Intern,"https://adobe.wd5.myworkdayjobs.com/external_university/3/refreshFacet/318c8bb6f553100021
d223d9780d30be",R100986   |   San Jose   |   Posted 30+ Days Ago
290,Digital Media GTM Strategy and Operations MBA Intern,"https://adobe.wd5.myworkdayjobs.com/external_university/3/refreshFacet/318c8bb6f553100021
d223d9780d30be",R100798   |   San Francisco   |   Posted 30+ Days Ago
291,Applied Scientist,"https://adobe.wd5.myworkdayjobs.com/external_university/3/refreshFacet/318c8bb6f553100021
d223d9780d30be",R100396   |   San Jose   |   Posted 30+ Days Ago
292,Streaming Services Engineering Intern,"https://adobe.wd5.myworkdayjobs.com/external_university/3/refreshFacet/318c8bb6f553100021
d223d9780d30be",R100715   |   San Jose   |   Posted 30+ Days Ago
293,Data Science Intern,"https://adobe.wd5.myworkdayjobs.com/external_university/3/refreshFacet/318c8bb6f553100021
d223d9780d30be",R100512   |   San Jose   |   Posted 30+ Days Ago
294,Data Science Intern,"https://adobe.wd5.myworkdayjobs.com/external_university/3/refreshFacet/318c8bb6f553100021
d223d9780d30be",R100577   |   San Jose   |   Posted 30+ Days Ago
295,Data Science Intern,"https://adobe.wd5.myworkdayjobs.com/external_university/3/refreshFacet/318c8bb6f553100021
d223d9780d30be",R100528   |   San Jose   |   Posted 30+ Days Ago
296,Data Science Intern,"https://adobe.wd5.myworkdayjobs.com/external_university/3/refreshFacet/318c8bb6f553100021
d223d9780d30be",R100529   |   San Jose   |   Posted 30+ Days Ago
297,Security Engineer,"https://adobe.wd5.myworkdayjobs.com/external_university/3/refreshFacet/318c8bb6f553100021
d223d9780d30be",R100624   |   Lehi   |   Posted 30+ Days Ago
298,Software Engineer,"https://adobe.wd5.myworkdayjobs.com/external_university/3/refreshFacet/318c8bb6f553100021
d223d9780d30be",R100716   |   San Jose   |   Posted 30+ Days Ago
299,Member of Technical staff,"https://adobe.wd5.myworkdayjobs.com/external_university/3/refreshFacet/318c8bb6f553100021
d223d9780d30be",R100666   |   San Jose   |   Posted 30+ Days Ago
300,Software Engineer,"https://adobe.wd5.myworkdayjobs.com/external_university/3/refreshFacet/318c8bb6f553100021
d223d9780d30be",R100635   |   San Jose   |   Posted 30+ Days Ago
301,First Mile front end engineer,"https://adobe.wd5.myworkdayjobs.com/external_university/3/refreshFacet/318c8bb6f553100021
d223d9780d30be",R100327   |   Bucharest   |   Posted 30+ Days Ago
302,First Mile front end engineer,"https://adobe.wd5.myworkdayjobs.com/external_university/3/refreshFacet/318c8bb6f553100021
d223d9780d30be",R100332   |   Bucharest   |   Posted 30+ Days Ago
303,Corporate Development MBA Intern,"https://adobe.wd5.myworkdayjobs.com/external_university/3/refreshFacet/318c8bb6f553100021
d223d9780d30be",R100658   |   San Francisco   |   Posted 30+ Days Ago
304,Data Science Intern,"https://adobe.wd5.myworkdayjobs.com/external_university/3/refreshFacet/318c8bb6f553100021
d223d9780d30be",R100499   |   San Jose   |   Posted 30+ Days Ago
305,"MBA Intern, Ecommerce Americas - Mobile Growth","https://adobe.wd5.myworkdayjobs.com/external_university/3/refreshFacet/318c8bb6f553100021
d223d9780d30be",R100458   |   San Francisco   |   Posted 30+ Days Ago
306,Search & ML Engineer,"https://adobe.wd5.myworkdayjobs.com/external_university/3/refreshFacet/318c8bb6f553100021
d223d9780d30be",R100360   |   San Jose   |   Posted 30+ Days Ago
307,Applied Scientist,"https://adobe.wd5.myworkdayjobs.com/external_university/3/refreshFacet/318c8bb6f553100021
d223d9780d30be","R100348   |   San Jose, More...   |   Posted 30+ Days Ago"
308,Machine Learning Engineer,"https://adobe.wd5.myworkdayjobs.com/external_university/3/refreshFacet/318c8bb6f553100021
d223d9780d30be",R100344   |   San Jose   |   Posted 30+ Days Ago
309,"GTM Manager, Creative Cloud","https://adobe.wd5.myworkdayjobs.com/external_university/3/refreshFacet/318c8bb6f553100021
d223d9780d30be","R100157   |   San Francisco, More...   |   Posted 30+ Days Ago"
310,Search Machine Learning Engineer,"https://adobe.wd5.myworkdayjobs.com/external_university/3/refreshFacet/318c8bb6f553100021
d223d9780d30be",R100342   |   San Jose   |   Posted 30+ Days Ago
