,Jobs,Application Links,Post Date
0,Ontologist Internship - Summer 2021 (US),https://www.amazon.jobs/en/jobs/1361085/ontologist-internship-summer-2021-us,"Posted November 30, 2020"
1,Accounting Tax Internship 2021,https://www.amazon.jobs/en/jobs/1354999/accounting-tax-internship-2021,"Posted November 23, 2020"
2,Winter Amazon Operations Finance Rotational Program 2021 (Entry-Level),https://www.amazon.jobs/en/jobs/1351163/winter-amazon-operations-finance-rotational-program-2021-entry-level,"Posted November 18, 2020"
3,Sr. Product Manager - MBA,https://www.amazon.jobs/en/jobs/1347866/sr-product-manager-mba,"Posted November 16, 2020"
4,Amazon Operations Finance Rotational Program 2021 (Interns) ,https://www.amazon.jobs/en/jobs/1346231/amazon-operations-finance-rotational-program-2021-interns,"Posted November 13, 2020"
5,Amazon Operations Finance Rotational Program 2021 (Entry-Level),https://www.amazon.jobs/en/jobs/1346209/amazon-operations-finance-rotational-program-2021-entry-level,"Posted November 13, 2020"
6,Software Development Engineer - Embedded,https://www.amazon.jobs/en/jobs/1343550/software-development-engineer-embedded,"Posted November 11, 2020"
7,Product Design Engineer Intern - 2021,https://www.amazon.jobs/en/jobs/1308425/product-design-engineer-intern-2021,"Posted October 13, 2020"
8,Hardware Development Engineer Intern - 2021,https://www.amazon.jobs/en/jobs/1308392/hardware-development-engineer-intern-2021,"Posted October 13, 2020"
9,"Applied Science Intern - Speech Technologies, Computer Vision, Machine Learning, Robotics ",https://www.amazon.jobs/en/jobs/1302686/applied-science-intern-speech-technologies-computer-vision-machine-learning-robotics,"Posted October  7, 2020"
10,Product Design Engineer Intern - 2021,https://www.amazon.jobs/en/jobs/1287710/product-design-engineer-intern-2021,"Posted September 24, 2020"
11,Product Design Engineer - 2021,https://www.amazon.jobs/en/jobs/1287663/product-design-engineer-2021,"Posted September 24, 2020"
12,Hardware Development Engineer - 2021,https://www.amazon.jobs/en/jobs/1287613/hardware-development-engineer-2021,"Posted September 24, 2020"
13,Cloud Support Associate 2021 (Japanese Fluency),https://www.amazon.jobs/en/jobs/1282232/cloud-support-associate-2021-japanese-fluency,"Posted September 21, 2020"
14,UX Researcher 2021,https://www.amazon.jobs/en/jobs/1273760/ux-researcher-2021,"Posted September 14, 2020"
15,UX Designer 2021,https://www.amazon.jobs/en/jobs/1273751/ux-designer-2021,"Posted September 14, 2020"
16,UX Design Intern 2021,https://www.amazon.jobs/en/jobs/1273748/ux-design-intern-2021,"Posted September 14, 2020"
17,Business Intelligence Engineer Internship - Summer 2021 (US),https://www.amazon.jobs/en/jobs/1261188/business-intelligence-engineer-internship-summer-2021-us,"Posted September  1, 2020"
18,Business Intelligence Engineer - 2021 (United States),https://www.amazon.jobs/en/jobs/1261160/business-intelligence-engineer-2021-united-states,"Posted September  1, 2020"
19,Cloud Support Associate 2021,https://www.amazon.jobs/en/jobs/1249936/cloud-support-associate-2021,"Posted August 20, 2020"
20,Data Science Intern,https://www.amazon.jobs/en/jobs/1235288/data-science-intern,"Posted August  7, 2020"
21,Finance and Accounting Undergrad Internship 2021,https://www.amazon.jobs/en/jobs/1232141/finance-and-accounting-undergrad-internship-2021,"Posted August  4, 2020"
22,Sourcing Recruiter Internship 2021,https://www.amazon.jobs/en/jobs/1231775/sourcing-recruiter-internship-2021,"Posted August  4, 2020"
23,Retail Undergraduate Program 2021 (Entry-Level),https://www.amazon.jobs/en/jobs/1231495/retail-undergraduate-program-2021-entry-level,"Posted August  4, 2020"
24,Finance and Accounting (AFRP) Full Time Positions 2021,https://www.amazon.jobs/en/jobs/1231490/finance-and-accounting-afrp-full-time-positions-2021,"Posted August  4, 2020"
25,Marketing Internship Summer 2021,https://www.amazon.jobs/en/jobs/1231435/marketing-internship-summer-2021,"Posted August  4, 2020"
26,2021 Business Analyst Intern,https://www.amazon.jobs/en/jobs/1231430/2021-business-analyst-intern,"Posted August  4, 2020"
27,AWS Sales Internship - Undergraduate,https://www.amazon.jobs/en/jobs/1231158/aws-sales-internship-undergraduate,"Posted August  4, 2020"
28,Amazon MBA/Master's Level Internship Opportunities - 2021 (United States),https://www.amazon.jobs/en/jobs/1230032/amazon-mba-master-s-level-internship-opportunities-2021-united-states,"Posted August  3, 2020"
29,Amazon MBA/Master's Level Full-Time Opportunities - 2021 (United States),https://www.amazon.jobs/en/jobs/1229822/amazon-mba-master-s-level-full-time-opportunities-2021-united-states,"Posted August  3, 2020"
30,Operations Research Science Intern ,https://www.amazon.jobs/en/jobs/1229563/operations-research-science-intern,"Posted August  3, 2020"
31,Security Engineer Internship - Summer 2021 (US),https://www.amazon.jobs/en/jobs/1229331/security-engineer-internship-summer-2021-us,"Posted August  3, 2020"
32,Quality Assurance Engineer Internship - Summer 2021 (US),https://www.amazon.jobs/en/jobs/1229168/quality-assurance-engineer-internship-summer-2021-us,"Posted August  3, 2020"
33,Quality Assurance Engineer - 2021 (United States),https://www.amazon.jobs/en/jobs/1229163/quality-assurance-engineer-2021-united-states,"Posted August  3, 2020"
34,Security Engineer - 2021 (United States),https://www.amazon.jobs/en/jobs/1229110/security-engineer-2021-united-states,"Posted August  3, 2020"
35,Data Engineer Internship - Summer 2021 (US),https://www.amazon.jobs/en/jobs/1228978/data-engineer-internship-summer-2021-us,"Posted August  3, 2020"
36,Data Engineer - 2021 (United States),https://www.amazon.jobs/en/jobs/1228969/data-engineer-2021-united-states,"Posted August  3, 2020"
37,Software Development Engineer Internship - Summer 2021 (US),https://www.amazon.jobs/en/jobs/1204415/software-development-engineer-internship-summer-2021-us,"Posted July 14, 2020"
38,Software Development Engineer - 2021 (United States),https://www.amazon.jobs/en/jobs/1204412/software-development-engineer-2021-united-states,"Posted July 14, 2020"
39,Software Development Engineer - Embedded,https://www.amazon.jobs/en/jobs/1198457/software-development-engineer-embedded,"Posted July  8, 2020"
